f1_x,f1_y,f1_z,f2_x,f2_y,f2_z,f3_x,f3_y,f3_z,f4_x,f4_y,f4_z
0.3228500187397003,0.16594499349594116,-0.690500020980835,0.3228500187397003,-0.16594499349594116,-0.690500020980835,-0.27285000681877136,0.16594499349594116,-0.690500020980835,-0.27285000681877136,-0.16594499349594116,-0.690500020980835
0.3228500187397003,0.16594499349594116,-0.690500020980835,0.3228500187397003,-0.16594499349594116,-0.690500020980835,-0.27285000681877136,0.16594499349594116,-0.690500020980835,-0.27285000681877136,-0.16594499349594116,-0.690500020980835
0.3228500187397003,0.16594499349594116,-0.690500020980835,0.3228500187397003,-0.16594499349594116,-0.690500020980835,-0.27285000681877136,0.16594499349594116,-0.690500020980835,-0.27285000681877136,-0.16594499349594116,-0.690500020980835
0.3228500187397003,0.16594499349594116,-0.690500020980835,0.3228500187397003,-0.16594499349594116,-0.690500020980835,-0.27285000681877136,0.16594499349594116,-0.690500020980835,-0.27285000681877136,-0.16594499349594116,-0.690500020980835
0.3228500187397003,0.16594499349594116,-0.690500020980835,0.3228500187397003,-0.16594499349594116,-0.690500020980835,-0.27285000681877136,0.16594499349594116,-0.690500020980835,-0.27285000681877136,-0.16594499349594116,-0.690500020980835
0.3228500187397003,0.16594499349594116,-0.690500020980835,0.3228500187397003,-0.16594499349594116,-0.690500020980835,-0.27285000681877136,0.16594499349594116,-0.690500020980835,-0.27285000681877136,-0.16594499349594116,-0.690500020980835
0.3228500187397003,0.16594499349594116,-0.690500020980835,0.3228500187397003,-0.16594499349594116,-0.690500020980835,-0.27285000681877136,0.16594499349594116,-0.690500020980835,-0.27285000681877136,-0.16594499349594116,-0.690500020980835
0.3228500187397003,0.16594499349594116,-0.690500020980835,0.3228500187397003,-0.16594499349594116,-0.690500020980835,-0.27285000681877136,0.16594499349594116,-0.690500020980835,-0.27285000681877136,-0.16594499349594116,-0.690500020980835
0.3228500187397003,0.16594499349594116,-0.690500020980835,0.3228500187397003,-0.16594499349594116,-0.690500020980835,-0.27285000681877136,0.16594499349594116,-0.690500020980835,-0.27285000681877136,-0.16594499349594116,-0.690500020980835
0.3228500187397003,0.16594499349594116,-0.690500020980835,0.3228500187397003,-0.16594499349594116,-0.690500020980835,-0.27285000681877136,0.16594499349594116,-0.690500020980835,-0.27285000681877136,-0.16594499349594116,-0.690500020980835
0.3228500187397003,0.16594499349594116,-0.690500020980835,0.3228500187397003,-0.16594499349594116,-0.690500020980835,-0.27285000681877136,0.16594499349594116,-0.690500020980835,-0.27285000681877136,-0.16594499349594116,-0.690500020980835
0.3228500187397003,0.16594499349594116,-0.690500020980835,0.3228500187397003,-0.16594499349594116,-0.690500020980835,-0.27285000681877136,0.16594499349594116,-0.690500020980835,-0.27285000681877136,-0.16594499349594116,-0.690500020980835
0.3228500187397003,0.16594499349594116,-0.690500020980835,0.3228500187397003,-0.16594499349594116,-0.690500020980835,-0.27285000681877136,0.16594499349594116,-0.690500020980835,-0.27285000681877136,-0.16594499349594116,-0.690500020980835
0.3228500187397003,0.16594499349594116,-0.690500020980835,0.3228500187397003,-0.16594499349594116,-0.690500020980835,-0.27285000681877136,0.16594499349594116,-0.690500020980835,-0.27285000681877136,-0.16594499349594116,-0.690500020980835
0.3228500187397003,0.16594499349594116,-0.690500020980835,0.3228500187397003,-0.16594499349594116,-0.690500020980835,-0.27285000681877136,0.16594499349594116,-0.690500020980835,-0.27285000681877136,-0.16594499349594116,-0.690500020980835
0.3228500187397003,0.16594499349594116,-0.690500020980835,0.3228500187397003,-0.16594499349594116,-0.690500020980835,-0.27285000681877136,0.16594499349594116,-0.690500020980835,-0.27285000681877136,-0.16594499349594116,-0.690500020980835
0.3228500187397003,0.16594499349594116,-0.690500020980835,0.3228500187397003,-0.16594499349594116,-0.690500020980835,-0.27285000681877136,0.16594499349594116,-0.690500020980835,-0.27285000681877136,-0.16594499349594116,-0.690500020980835
0.3228500187397003,0.16594499349594116,-0.690500020980835,0.3228500187397003,-0.16594499349594116,-0.690500020980835,-0.27285000681877136,0.16594499349594116,-0.690500020980835,-0.27285000681877136,-0.16594499349594116,-0.690500020980835
0.3228500187397003,0.16594499349594116,-0.690500020980835,0.3228500187397003,-0.16594499349594116,-0.690500020980835,-0.27285000681877136,0.16594499349594116,-0.690500020980835,-0.27285000681877136,-0.16594499349594116,-0.690500020980835
0.3228500187397003,0.16594499349594116,-0.690500020980835,0.3228500187397003,-0.16594499349594116,-0.690500020980835,-0.27285000681877136,0.16594499349594116,-0.690500020980835,-0.27285000681877136,-0.16594499349594116,-0.690500020980835
0.3228500187397003,0.16594499349594116,-0.690500020980835,0.3228500187397003,-0.16594499349594116,-0.690500020980835,-0.27285000681877136,0.16594499349594116,-0.690500020980835,-0.27285000681877136,-0.16594499349594116,-0.690500020980835
0.3228500187397003,0.16594499349594116,-0.690500020980835,0.3228500187397003,-0.16594499349594116,-0.690500020980835,-0.27285000681877136,0.16594499349594116,-0.690500020980835,-0.27285000681877136,-0.16594499349594116,-0.690500020980835
0.3228500187397003,0.16594499349594116,-0.690500020980835,0.3228500187397003,-0.16594499349594116,-0.690500020980835,-0.27285000681877136,0.16594499349594116,-0.690500020980835,-0.27285000681877136,-0.16594499349594116,-0.690500020980835
0.3228500187397003,0.16594499349594116,-0.690500020980835,0.3228500187397003,-0.16594499349594116,-0.690500020980835,-0.27285000681877136,0.16594499349594116,-0.690500020980835,-0.27285000681877136,-0.16594499349594116,-0.690500020980835
0.3228500187397003,0.16594499349594116,-0.690500020980835,0.3228500187397003,-0.16594499349594116,-0.690500020980835,-0.27285000681877136,0.16594499349594116,-0.690500020980835,-0.27285000681877136,-0.16594499349594116,-0.690500020980835
0.3228500187397003,0.16594499349594116,-0.690500020980835,0.3228500187397003,-0.16594499349594116,-0.690500020980835,-0.27285000681877136,0.16594499349594116,-0.690500020980835,-0.27285000681877136,-0.16594499349594116,-0.690500020980835
0.3228500187397003,0.16594499349594116,-0.690500020980835,0.3228500187397003,-0.16594499349594116,-0.690500020980835,-0.27285000681877136,0.16594499349594116,-0.690500020980835,-0.27285000681877136,-0.16594499349594116,-0.690500020980835
0.3228500187397003,0.16594499349594116,-0.690500020980835,0.3228500187397003,-0.16594499349594116,-0.690500020980835,-0.27285000681877136,0.16594499349594116,-0.690500020980835,-0.27285000681877136,-0.16594499349594116,-0.690500020980835
0.3228500187397003,0.16594499349594116,-0.690500020980835,0.3228500187397003,-0.16594499349594116,-0.690500020980835,-0.27285000681877136,0.16594499349594116,-0.690500020980835,-0.27285000681877136,-0.16594499349594116,-0.690500020980835
0.3228500187397003,0.16594499349594116,-0.690500020980835,0.3228500187397003,-0.16594499349594116,-0.690500020980835,-0.27285000681877136,0.16594499349594116,-0.690500020980835,-0.27285000681877136,-0.16594499349594116,-0.690500020980835
0.19105234742164612,0.05283199995756149,-0.1822647750377655,0.19297896325588226,-0.03393039107322693,-0.1800626814365387,-0.43882977962493896,0.030680254101753235,-0.1921309232711792,-0.48623326420783997,-0.013193316757678986,-0.198648139834404
0.18996001780033112,0.05311976373195648,-0.18267062306404114,0.19168096780776978,-0.033838458359241486,-0.18072572350502014,-0.43870556354522705,0.030756644904613495,-0.19205334782600403,-0.48741310834884644,-0.012949012219905853,-0.19878698885440826
0.19045624136924744,0.05343381315469742,-0.18251168727874756,0.19212064146995544,-0.033856071531772614,-0.180657297372818,-0.43871742486953735,0.03104822337627411,-0.19194206595420837,-0.48698362708091736,-0.013135232031345367,-0.19876277446746826
0.19211217761039734,0.053981415927410126,-0.18178516626358032,0.19366666674613953,-0.03315766900777817,-0.1800440549850464,-0.4386945366859436,0.031512558460235596,-0.19184187054634094,-0.4851922392845154,-0.013412266969680786,-0.1984892189502716
0.1935252845287323,0.05921970307826996,-0.19141161441802979,0.1956617832183838,-0.03497396409511566,-0.18937811255455017,-0.4478726387023926,0.033977948129177094,-0.21034327149391174,-0.48331958055496216,-0.014189787209033966,-0.20794622600078583
0.2044857144355774,0.062253519892692566,-0.2305998057126999,0.20659567415714264,-0.031227290630340576,-0.22984695434570312,-0.4336921274662018,0.03636635094881058,-0.29415103793144226,-0.4683768153190613,-0.008550666272640228,-0.29695791006088257
0.22846274077892303,0.06426795572042465,-0.3042159378528595,0.2308286726474762,-0.020215973258018494,-0.30194419622421265,-0.40240931510925293,0.06629293411970139,-0.3967463970184326,-0.4257340133190155,-0.0438956618309021,-0.4021592438220978
0.23951593041419983,0.0814298689365387,-0.38911324739456177,0.2433158904314041,-0.04089047759771347,-0.38939350843429565,-0.37776386737823486,0.10488472878932953,-0.4413006901741028,-0.3915485441684723,-0.09392303973436356,-0.4455532431602478
0.24403654038906097,0.11284860223531723,-0.43490755558013916,0.2462390810251236,-0.08837053179740906,-0.4372442066669464,-0.3631327748298645,0.13181479275226593,-0.460628479719162,-0.37030452489852905,-0.12547773122787476,-0.4635904133319855
0.24678535759449005,0.13545402884483337,-0.45676669478416443,0.24787843227386475,-0.12177100032567978,-0.45881280303001404,-0.35555607080459595,0.1476368010044098,-0.46973493695259094,-0.35905396938323975,-0.1438852995634079,-0.47159966826438904
0.2479490041732788,0.1492045819759369,-0.4676452875137329,0.2484649270772934,-0.1417832374572754,-0.46897462010383606,-0.3516858220100403,0.15633884072303772,-0.4743773639202118,-0.35334765911102295,-0.15411385893821716,-0.475493460893631
0.24828515946865082,0.15697026252746582,-0.4732927978038788,0.24852365255355835,-0.1529967188835144,-0.474062442779541,-0.3497354984283447,0.16096410155296326,-0.47686946392059326,-0.3505123257637024,-0.15965202450752258,-0.4775201678276062
0.2482891082763672,0.16119484603405,-0.47631627321243286,0.248399555683136,-0.15907920897006989,-0.4767388701438904,-0.34876495599746704,0.1633789837360382,-0.478245347738266,-0.34912368655204773,-0.16261208057403564,-0.4786190092563629
0.2481933832168579,0.16344806551933289,-0.4779651165008545,0.24824629724025726,-0.16232424974441528,-0.47819122672080994,-0.34828895330429077,0.16462770104408264,-0.4790150225162506,-0.3484523296356201,-0.16418355703353882,-0.4792273938655853
0.24808989465236664,0.16463729739189148,-0.47887328267097473,0.24811701476573944,-0.16404089331626892,-0.47899264097213745,-0.3480590879917145,0.1652701050043106,-0.47944745421409607,-0.34813177585601807,-0.1650150567293167,-0.47956737875938416
0.24808989465236664,0.16463729739189148,-0.47887328267097473,0.24811701476573944,-0.16404089331626892,-0.47899264097213745,-0.3480590879917145,0.1652701050043106,-0.47944745421409607,-0.34813177585601807,-0.1650150567293167,-0.47956737875938416
0.24800683557987213,0.16526155173778534,-0.4793757498264313,0.2480224370956421,-0.16494527459144592,-0.47943833470344543,-0.3479500412940979,0.1655997633934021,-0.47969070076942444,-0.347980797290802,-0.16545438766479492,-0.47975805401802063
0.24790847301483154,0.16575920581817627,-0.4798087775707245,0.24791646003723145,-0.16567078232765198,-0.47982582449913025,-0.34787672758102417,0.16585536301136017,-0.4799039661884308,-0.3478791117668152,-0.16580897569656372,-0.47992509603500366
0.24790847301483154,0.16575920581817627,-0.4798087775707245,0.24791646003723145,-0.16567078232765198,-0.47982582449913025,-0.34787672758102417,0.16585536301136017,-0.4799039661884308,-0.3478791117668152,-0.16580897569656372,-0.47992509603500366
0.2478678822517395,0.16589519381523132,-0.4799419045448303,0.24787409603595734,-0.165871262550354,-0.47994643449783325,-0.3478628993034363,0.16592252254486084,-0.47997087240219116,-0.34785908460617065,-0.16590797901153564,-0.47997745871543884
0.2478678822517395,0.16589519381523132,-0.4799419045448303,0.24787409603595734,-0.165871262550354,-0.47994643449783325,-0.3478628993034363,0.16592252254486084,-0.47997087240219116,-0.34785908460617065,-0.16590797901153564,-0.47997745871543884
0.24785272777080536,0.16593240201473236,-0.47998273372650146,0.24785850942134857,-0.16592678427696228,-0.47998377680778503,-0.347861111164093,0.16594019532203674,-0.4799916744232178,-0.34785592555999756,-0.1659357100725174,-0.4799938201904297
0.24785272777080536,0.16593240201473236,-0.47998273372650146,0.24785850942134857,-0.16592678427696228,-0.47998377680778503,-0.347861111164093,0.16594019532203674,-0.4799916744232178,-0.34785592555999756,-0.1659357100725174,-0.4799938201904297
0.24784743785858154,0.16594260931015015,-0.47999516129493713,0.24785299599170685,-0.1659422218799591,-0.47999534010887146,-0.3478611707687378,0.1659448742866516,-0.4799981117248535,-0.34785574674606323,-0.16594350337982178,-0.4799988865852356
0.24784743785858154,0.16594260931015015,-0.47999516129493713,0.24785299599170685,-0.1659422218799591,-0.47999534010887146,-0.3478611707687378,0.1659448742866516,-0.4799981117248535,-0.34785574674606323,-0.16594350337982178,-0.4799988865852356
0.2478456348180771,0.16594544053077698,-0.47999897599220276,0.24785108864307404,-0.16594654321670532,-0.4799988269805908,-0.3478613495826721,0.1659461110830307,-0.4800000786781311,-0.34785595536231995,-0.16594572365283966,-0.48000043630599976
0.2478456348180771,0.16594544053077698,-0.47999897599220276,0.24785108864307404,-0.16594654321670532,-0.4799988269805908,-0.3478613495826721,0.1659461110830307,-0.4800000786781311,-0.34785595536231995,-0.16594572365283966,-0.48000043630599976
0.24784503877162933,0.16594624519348145,-0.4800000786781311,0.24785038828849792,-0.16594775021076202,-0.47999992966651917,-0.34786146879196167,0.16594645380973816,-0.48000073432922363,-0.34785616397857666,-0.165946364402771,-0.48000091314315796
0.24784503877162933,0.16594624519348145,-0.4800000786781311,0.24785038828849792,-0.16594775021076202,-0.47999992966651917,-0.34786146879196167,0.16594645380973816,-0.48000073432922363,-0.34785616397857666,-0.165946364402771,-0.48000091314315796
0.2478448450565338,0.16594655811786652,-0.4800005257129669,0.24785006046295166,-0.16594816744327545,-0.4800002872943878,-0.34786146879196167,0.1659465730190277,-0.48000091314315796,-0.3478562831878662,-0.1659466028213501,-0.4800011217594147
0.2478448450565338,0.16594655811786652,-0.4800005257129669,0.24785006046295166,-0.16594816744327545,-0.4800002872943878,-0.34786146879196167,0.1659465730190277,-0.48000091314315796,-0.3478562831878662,-0.1659466028213501,-0.4800011217594147
0.2478448450565338,0.16594655811786652,-0.4800005257129669,0.24785006046295166,-0.16594816744327545,-0.4800002872943878,-0.34786146879196167,0.1659465730190277,-0.48000091314315796,-0.3478562831878662,-0.1659466028213501,-0.4800011217594147
0.24784483015537262,0.16594663262367249,-0.4800005257129669,0.24784992635250092,-0.16594822704792023,-0.4800003468990326,-0.3478614389896393,0.1659466028213501,-0.48000097274780273,-0.347856342792511,-0.16594663262367249,-0.4800011217594147
0.24784477055072784,0.16594664752483368,-0.4800005853176117,0.24784988164901733,-0.16594824194908142,-0.4800003468990326,-0.34786146879196167,0.1659466028213501,-0.4800010025501251,-0.347856342792511,-0.16594666242599487,-0.4800011217594147
0.24784477055072784,0.16594664752483368,-0.4800005853176117,0.24784988164901733,-0.16594824194908142,-0.4800003468990326,-0.34786146879196167,0.1659466028213501,-0.4800010025501251,-0.347856342792511,-0.16594666242599487,-0.4800011217594147
0.24784477055072784,0.16594666242599487,-0.4800005853176117,0.24784986674785614,-0.16594824194908142,-0.48000040650367737,-0.34786146879196167,0.1659466177225113,-0.48000097274780273,-0.34785643219947815,-0.16594666242599487,-0.4800011217594147
0.24784477055072784,0.16594669222831726,-0.4800005853176117,0.2478497475385666,-0.1659482717514038,-0.48000040650367737,-0.34786146879196167,0.16594663262367249,-0.48000097274780273,-0.3478565216064453,-0.16594669222831726,-0.4800011217594147
0.24784477055072784,0.16594669222831726,-0.4800005853176117,0.2478497475385666,-0.1659482717514038,-0.48000040650367737,-0.34786146879196167,0.16594663262367249,-0.48000097274780273,-0.3478565216064453,-0.16594669222831726,-0.4800011217594147
0.24784477055072784,0.16594672203063965,-0.4800005853176117,0.24784968793392181,-0.1659482717514038,-0.480000376701355,-0.34786146879196167,0.16594664752483368,-0.48000097274780273,-0.3478565812110901,-0.16594670712947845,-0.4800011217594147
0.24784477055072784,0.16594672203063965,-0.4800005853176117,0.24784968793392181,-0.1659482717514038,-0.480000376701355,-0.34786146879196167,0.16594664752483368,-0.48000097274780273,-0.3478565812110901,-0.16594670712947845,-0.4800011217594147
0.24784477055072784,0.16594676673412323,-0.4800005555152893,0.24784958362579346,-0.165948286652565,-0.48000040650367737,-0.3478614091873169,0.16594666242599487,-0.48000097274780273,-0.34785664081573486,-0.16594672203063965,-0.4800011217594147
0.24784477055072784,0.16594676673412323,-0.4800005555152893,0.24784958362579346,-0.165948286652565,-0.48000040650367737,-0.3478614091873169,0.16594666242599487,-0.48000097274780273,-0.34785664081573486,-0.16594672203063965,-0.4800011217594147
0.24784483015537262,0.16594679653644562,-0.4800005555152893,0.24784952402114868,-0.1659483015537262,-0.480000376701355,-0.3478614091873169,0.16594667732715607,-0.48000097274780273,-0.34785670042037964,-0.16594673693180084,-0.4800011217594147
0.24784483015537262,0.16594679653644562,-0.4800005555152893,0.24784952402114868,-0.1659483015537262,-0.480000376701355,-0.3478614091873169,0.16594667732715607,-0.48000097274780273,-0.34785670042037964,-0.16594673693180084,-0.4800011217594147
0.24784483015537262,0.16594679653644562,-0.4800005555152893,0.24784952402114868,-0.1659483015537262,-0.480000376701355,-0.3478614091873169,0.16594667732715607,-0.48000097274780273,-0.34785670042037964,-0.16594673693180084,-0.4800011217594147
0.24784483015537262,0.1659468412399292,-0.4800005555152893,0.24784940481185913,-0.1659483015537262,-0.480000376701355,-0.3478613793849945,0.16594669222831726,-0.48000094294548035,-0.3478568196296692,-0.16594675183296204,-0.4800010919570923
0.24784483015537262,0.1659468412399292,-0.4800005555152893,0.24784940481185913,-0.1659483015537262,-0.480000376701355,-0.3478613793849945,0.16594669222831726,-0.48000094294548035,-0.3478568196296692,-0.16594675183296204,-0.4800010919570923
0.24784483015537262,0.1659468710422516,-0.4800005257129669,0.24784936010837555,-0.1659483164548874,-0.4800003468990326,-0.34786131978034973,0.16594670712947845,-0.48000094294548035,-0.34785687923431396,-0.16594678163528442,-0.4800010621547699
0.24784483015537262,0.16594690084457397,-0.4800005257129669,0.24784930050373077,-0.1659483164548874,-0.4800003468990326,-0.34786131978034973,0.16594672203063965,-0.48000094294548035,-0.34785687923431396,-0.16594678163528442,-0.4800010621547699
0.24784483015537262,0.16594690084457397,-0.4800005257129669,0.24784930050373077,-0.1659483164548874,-0.4800003468990326,-0.34786131978034973,0.16594672203063965,-0.48000094294548035,-0.34785687923431396,-0.16594678163528442,-0.4800010621547699
0.24784483015537262,0.16594690084457397,-0.4800005257129669,0.247849240899086,-0.16594833135604858,-0.4800003468990326,-0.34786131978034973,0.16594672203063965,-0.48000094294548035,-0.34785693883895874,-0.16594678163528442,-0.4800010919570923
0.24784483015537262,0.16594690084457397,-0.4800005257129669,0.247849240899086,-0.16594833135604858,-0.4800003468990326,-0.34786131978034973,0.16594672203063965,-0.48000094294548035,-0.34785693883895874,-0.16594678163528442,-0.4800010919570923
0.24784483015537262,0.16594693064689636,-0.4800005257129669,0.247849240899086,-0.16594833135604858,-0.4800003468990326,-0.34786131978034973,0.16594672203063965,-0.48000094294548035,-0.34785693883895874,-0.16594679653644562,-0.4800010919570923
0.19226182997226715,0.16439923644065857,-0.422608345746994,0.16007700562477112,-0.14622241258621216,-0.3411080837249756,-0.3472939729690552,0.1617596447467804,-0.4816022515296936,-0.35074567794799805,-0.1684546321630478,-0.4795757234096527
0.19226182997226715,0.16439923644065857,-0.422608345746994,0.16007700562477112,-0.14622241258621216,-0.3411080837249756,-0.3472939729690552,0.1617596447467804,-0.4816022515296936,-0.35074567794799805,-0.1684546321630478,-0.4795757234096527
0.1084962785243988,0.16741064190864563,-0.3941108286380768,0.08107483386993408,-0.13415959477424622,-0.281012624502182,-0.338819682598114,0.15521365404129028,-0.4840676784515381,-0.43538540601730347,-0.16123878955841064,-0.3816608190536499
0.08360716700553894,0.16897714138031006,-0.403547465801239,0.05615454912185669,-0.12966236472129822,-0.2815788686275482,-0.34543901681900024,0.15523022413253784,-0.48389774560928345,-0.4597613215446472,-0.15982705354690552,-0.38177502155303955
0.08360716700553894,0.16897714138031006,-0.403547465801239,0.05615454912185669,-0.12966236472129822,-0.2815788686275482,-0.34543901681900024,0.15523022413253784,-0.48389774560928345,-0.4597613215446472,-0.15982705354690552,-0.38177502155303955
0.07607635855674744,0.16894122958183289,-0.4248371124267578,0.04031306505203247,-0.12843862175941467,-0.29754936695098877,-0.33924204111099243,0.1549786478281021,-0.48391568660736084,-0.47175976634025574,-0.16163334250450134,-0.41305407881736755
0.1670600175857544,0.16984908282756805,-0.4699721336364746,0.019267618656158447,-0.1425161361694336,-0.34748950600624084,-0.34388190507888794,0.16132602095603943,-0.48173385858535767,-0.3910534679889679,-0.16091150045394897,-0.46636125445365906
0.1670600175857544,0.16984908282756805,-0.4699721336364746,0.019267618656158447,-0.1425161361694336,-0.34748950600624084,-0.34388190507888794,0.16132602095603943,-0.48173385858535767,-0.3910534679889679,-0.16091150045394897,-0.46636125445365906
0.2304617017507553,0.16573305428028107,-0.47901099920272827,0.01326441764831543,-0.15305787324905396,-0.4047401249408722,-0.345113605260849,0.16313853859901428,-0.48106107115745544,-0.35416093468666077,-0.1633051484823227,-0.4769980013370514
0.2304617017507553,0.16573305428028107,-0.47901099920272827,0.01326441764831543,-0.15305787324905396,-0.4047401249408722,-0.345113605260849,0.16313853859901428,-0.48106107115745544,-0.35416093468666077,-0.1633051484823227,-0.4769980013370514
0.24581316113471985,0.16555443406105042,-0.4797746241092682,0.05079944431781769,-0.15955808758735657,-0.44990915060043335,-0.34457218647003174,0.16280558705329895,-0.481179416179657,-0.34554946422576904,-0.16467824578285217,-0.47951698303222656
0.24817851185798645,0.1657448410987854,-0.47982096672058105,0.08171647787094116,-0.16164490580558777,-0.46733126044273376,-0.3447529673576355,0.16282671689987183,-0.48118916153907776,-0.3443898558616638,-0.16486190259456635,-0.48003822565078735
0.24817851185798645,0.1657448410987854,-0.47982096672058105,0.08171647787094116,-0.16164490580558777,-0.46733126044273376,-0.3447529673576355,0.16282671689987183,-0.48118916153907776,-0.3443898558616638,-0.16486190259456635,-0.48003822565078735
0.2491033673286438,0.16557416319847107,-0.47995591163635254,0.12050563097000122,-0.16236428916454315,-0.47900334000587463,-0.34558558464050293,0.163016676902771,-0.48113512992858887,-0.34481531381607056,-0.16525399684906006,-0.4802188277244568
0.24884359538555145,0.16517841815948486,-0.48023518919944763,0.20246711373329163,-0.1634056568145752,-0.4851924180984497,-0.3484751284122467,0.16433027386665344,-0.4807160198688507,-0.34767234325408936,-0.1658746898174286,-0.4802212715148926
0.24884359538555145,0.16517841815948486,-0.48023518919944763,0.20246711373329163,-0.1634056568145752,-0.4851924180984497,-0.3484751284122467,0.16433027386665344,-0.4807160198688507,-0.34767234325408936,-0.1658746898174286,-0.4802212715148926
0.24824707210063934,0.1653069406747818,-0.48026904463768005,0.2380116581916809,-0.16493968665599823,-0.4822345972061157,-0.35007351636886597,0.16533279418945312,-0.48038727045059204,-0.34904563426971436,-0.1659446656703949,-0.48023703694343567
0.24824707210063934,0.1653069406747818,-0.48026904463768005,0.2380116581916809,-0.16493968665599823,-0.4822345972061157,-0.35007351636886597,0.16533279418945312,-0.48038727045059204,-0.34904563426971436,-0.1659446656703949,-0.48023703694343567
0.24804730713367462,0.16547267138957977,-0.4802348017692566,0.24651731550693512,-0.16568200290203094,-0.4808076322078705,-0.3503989577293396,0.16561749577522278,-0.4802854657173157,-0.3491970896720886,-0.16588012874126434,-0.480273574590683
0.24804730713367462,0.16547267138957977,-0.4802348017692566,0.24651731550693512,-0.16568200290203094,-0.4808076322078705,-0.3503989577293396,0.16561749577522278,-0.4802854657173157,-0.3491970896720886,-0.16588012874126434,-0.480273574590683
0.2513654828071594,0.16457012295722961,-0.4803501069545746,0.2501859664916992,-0.1656072735786438,-0.4805956184864044,-0.3477798104286194,0.1692468822002411,-0.4789653420448303,-0.34796708822250366,-0.16419367492198944,-0.4804653227329254
0.24981677532196045,0.16549502313137054,-0.4801066219806671,0.24936354160308838,-0.16591531038284302,-0.4801887273788452,-0.3474196791648865,0.16706591844558716,-0.47966209053993225,-0.3477379083633423,-0.16525885462760925,-0.4801994562149048
0.24981677532196045,0.16549502313137054,-0.4801066219806671,0.24936354160308838,-0.16591531038284302,-0.4801887273788452,-0.3474196791648865,0.16706591844558716,-0.47966209053993225,-0.3477379083633423,-0.16525885462760925,-0.4801994562149048
0.2495308220386505,0.16569975018501282,-0.4800436198711395,0.24913638830184937,-0.1660902351140976,-0.48002889752388,-0.347249299287796,0.16644737124443054,-0.4798643887042999,-0.3476378917694092,-0.16556008160114288,-0.4801245927810669
0.2495308220386505,0.16569975018501282,-0.4800436198711395,0.24913638830184937,-0.1660902351140976,-0.48002889752388,-0.347249299287796,0.16644737124443054,-0.4798643887042999,-0.3476378917694092,-0.16556008160114288,-0.4801245927810669
0.2495308220386505,0.16569975018501282,-0.4800436198711395,0.24913638830184937,-0.1660902351140976,-0.48002889752388,-0.347249299287796,0.16644737124443054,-0.4798643887042999,-0.3476378917694092,-0.16556008160114288,-0.4801245927810669
0.2494899332523346,0.1657496690750122,-0.4800240397453308,0.24900534749031067,-0.16621635854244232,-0.4799501895904541,-0.3471563458442688,0.16625097393989563,-0.47993946075439453,-0.3476455807685852,-0.1656237542629242,-0.48011288046836853
0.2494899332523346,0.1657496690750122,-0.4800240397453308,0.24900534749031067,-0.16621635854244232,-0.4799501895904541,-0.3471563458442688,0.16625097393989563,-0.47993946075439453,-0.3476455807685852,-0.1656237542629242,-0.48011288046836853
0.24946409463882446,0.16577091813087463,-0.4800166189670563,0.24885214865207672,-0.16631683707237244,-0.47990235686302185,-0.3471459150314331,0.16618157923221588,-0.479981929063797,-0.3477599024772644,-0.16559557616710663,-0.48012903332710266
0.24946409463882446,0.16577091813087463,-0.4800166189670563,0.24885214865207672,-0.16631683707237244,-0.47990235686302185,-0.3471459150314331,0.16618157923221588,-0.479981929063797,-0.3477599024772644,-0.16559557616710663,-0.48012903332710266
0.25051623582839966,0.16445444524288177,-0.48026514053344727,0.24788905680179596,-0.16287800669670105,-0.48031482100486755,-0.3458409905433655,0.1647055447101593,-0.4804370701313019,-0.34743404388427734,-0.16680745780467987,-0.4797672927379608
0.25051623582839966,0.16445444524288177,-0.48026514053344727,0.24788905680179596,-0.16287800669670105,-0.48031482100486755,-0.3458409905433655,0.1647055447101593,-0.4804370701313019,-0.34743404388427734,-0.16680745780467987,-0.4797672927379608
0.24988298118114471,0.16496430337429047,-0.4802151322364807,0.2502327859401703,-0.1646055430173874,-0.4802672266960144,-0.34701961278915405,0.1652325540781021,-0.4803078770637512,-0.3480321168899536,-0.16642767190933228,-0.4798908531665802
0.24988298118114471,0.16496430337429047,-0.4802151322364807,0.2502327859401703,-0.1646055430173874,-0.4802672266960144,-0.34701961278915405,0.1652325540781021,-0.4803078770637512,-0.3480321168899536,-0.16642767190933228,-0.4798908531665802
0.24988298118114471,0.16496430337429047,-0.4802151322364807,0.2502327859401703,-0.1646055430173874,-0.4802672266960144,-0.34701961278915405,0.1652325540781021,-0.4803078770637512,-0.3480321168899536,-0.16642767190933228,-0.4798908531665802
0.24980194866657257,0.16489005088806152,-0.4802517890930176,0.2502676844596863,-0.16495610773563385,-0.48020216822624207,-0.34744036197662354,0.16537421941757202,-0.48032325506210327,-0.3485390841960907,-0.1662246435880661,-0.479952871799469
0.24938331544399261,0.16533657908439636,-0.4802050292491913,0.24815967679023743,-0.1657756268978119,-0.47989949584007263,-0.3483319878578186,0.16590052843093872,-0.4802221357822418,-0.3490610420703888,-0.1656692922115326,-0.4801335632801056
0.24938331544399261,0.16533657908439636,-0.4802050292491913,0.24815967679023743,-0.1657756268978119,-0.47989949584007263,-0.3483319878578186,0.16590052843093872,-0.4802221357822418,-0.3490610420703888,-0.1656692922115326,-0.4801335632801056
0.24933870136737823,0.16539627313613892,-0.48021307587623596,0.2474932074546814,-0.1655242145061493,-0.47989022731781006,-0.3485352098941803,0.1658991277217865,-0.4802435040473938,-0.34920534491539,-0.16563676297664642,-0.4801477789878845
0.24933870136737823,0.16539627313613892,-0.48021307587623596,0.2474932074546814,-0.1655242145061493,-0.47989022731781006,-0.3485352098941803,0.1658991277217865,-0.4802435040473938,-0.34920534491539,-0.16563676297664642,-0.4801477789878845
0.2493598610162735,0.1653827279806137,-0.4802339971065521,0.24708157777786255,-0.1650625765323639,-0.47992292046546936,-0.3486534059047699,0.16581332683563232,-0.4802904725074768,-0.3493135869503021,-0.1656886488199234,-0.4801349639892578
0.2493598610162735,0.1653827279806137,-0.4802339971065521,0.24708157777786255,-0.1650625765323639,-0.47992292046546936,-0.3486534059047699,0.16581332683563232,-0.4802904725074768,-0.3493135869503021,-0.1656886488199234,-0.4801349639892578
0.2397591769695282,0.16257213056087494,-0.47973817586898804,0.23929612338542938,-0.17640642821788788,-0.4759254455566406,-0.3578450679779053,0.16146817803382874,-0.4788760542869568,-0.4089687168598175,-0.15030363202095032,-0.46708977222442627
0.2397591769695282,0.16257213056087494,-0.47973817586898804,0.23929612338542938,-0.17640642821788788,-0.4759254455566406,-0.3578450679779053,0.16146817803382874,-0.4788760542869568,-0.4089687168598175,-0.15030363202095032,-0.46708977222442627
0.2397591769695282,0.16257213056087494,-0.47973817586898804,0.23929612338542938,-0.17640642821788788,-0.4759254455566406,-0.3578450679779053,0.16146817803382874,-0.4788760542869568,-0.4089687168598175,-0.15030363202095032,-0.46708977222442627
0.2449597716331482,0.1664113700389862,-0.4797011613845825,0.24662576615810394,-0.16824403405189514,-0.4792989194393158,-0.35132086277008057,0.16631999611854553,-0.4795943796634674,-0.3556867837905884,-0.16360095143318176,-0.478482186794281
0.2449597716331482,0.1664113700389862,-0.4797011613845825,0.24662576615810394,-0.16824403405189514,-0.4792989194393158,-0.35132086277008057,0.16631999611854553,-0.4795943796634674,-0.3556867837905884,-0.16360095143318176,-0.478482186794281
0.2420566827058792,0.16628749668598175,-0.4801718294620514,0.24065952003002167,-0.1676121950149536,-0.47982099652290344,-0.3574041426181793,0.17203859984874725,-0.4769916832447052,-0.36011743545532227,-0.16804207861423492,-0.47732239961624146
0.2431865781545639,0.16720785200595856,-0.47990477085113525,0.24320967495441437,-0.16677042841911316,-0.48007526993751526,-0.3558838367462158,0.17113521695137024,-0.47781863808631897,-0.35649245977401733,-0.16811423003673553,-0.47829169034957886
0.2431865781545639,0.16720785200595856,-0.47990477085113525,0.24320967495441437,-0.16677042841911316,-0.48007526993751526,-0.3558838367462158,0.17113521695137024,-0.47781863808631897,-0.35649245977401733,-0.16811423003673553,-0.47829169034957886
0.24450695514678955,0.16852200031280518,-0.47947007417678833,0.24463725090026855,-0.16480281949043274,-0.4806702435016632,-0.3537130653858185,0.1667453944683075,-0.4778752028942108,-0.35349369049072266,-0.16612780094146729,-0.47903090715408325
0.24388113617897034,0.17093613743782043,-0.4786456227302551,0.24513790011405945,-0.1625489890575409,-0.48123699426651,-0.3586687445640564,0.15986034274101257,-0.4784245193004608,-0.3530895709991455,-0.1640070676803589,-0.47977426648139954
0.24518223106861115,0.16998639702796936,-0.47885575890541077,0.2460951805114746,-0.16287830471992493,-0.4810081422328949,-0.35960137844085693,0.16029587388038635,-0.4782262444496155,-0.35076868534088135,-0.1638626903295517,-0.48004990816116333
0.24518223106861115,0.16998639702796936,-0.47885575890541077,0.2460951805114746,-0.16287830471992493,-0.4810081422328949,-0.35960137844085693,0.16029587388038635,-0.4782262444496155,-0.35076868534088135,-0.1638626903295517,-0.48004990816116333
0.2462017983198166,0.16882072389125824,-0.47917842864990234,0.24638774991035461,-0.16372859477996826,-0.4806976318359375,-0.3573830723762512,0.16270090639591217,-0.47850218415260315,-0.3502148985862732,-0.16415457427501678,-0.4801032841205597
0.2462017983198166,0.16882072389125824,-0.47917842864990234,0.24638774991035461,-0.16372859477996826,-0.4806976318359375,-0.3573830723762512,0.16270090639591217,-0.47850218415260315,-0.3502148985862732,-0.16415457427501678,-0.4801032841205597
0.2462017983198166,0.16882072389125824,-0.47917842864990234,0.24638774991035461,-0.16372859477996826,-0.4806976318359375,-0.3573830723762512,0.16270090639591217,-0.47850218415260315,-0.3502148985862732,-0.16415457427501678,-0.4801032841205597
0.2510474920272827,0.16168951988220215,-0.4815385043621063,0.2512595057487488,-0.15899085998535156,-0.4807814061641693,-0.3513437509536743,0.16825519502162933,-0.4780884385108948,-0.34291231632232666,-0.16050468385219574,-0.48151659965515137
0.2510474920272827,0.16168951988220215,-0.4815385043621063,0.2512595057487488,-0.15899085998535156,-0.4807814061641693,-0.3513437509536743,0.16825519502162933,-0.4780884385108948,-0.34291231632232666,-0.16050468385219574,-0.48151659965515137
0.260358989238739,0.1652858853340149,-0.4836706817150116,0.25193625688552856,-0.16035096347332,-0.480192095041275,-0.34677696228027344,0.17034894227981567,-0.4783532917499542,-0.3427850306034088,-0.1608225554227829,-0.4815668761730194
0.2576560974121094,0.16556543111801147,-0.4822595417499542,0.2506215572357178,-0.16246843338012695,-0.48015570640563965,-0.34690994024276733,0.16882824897766113,-0.4789584279060364,-0.34439992904663086,-0.16282141208648682,-0.48095837235450745
0.2576560974121094,0.16556543111801147,-0.4822595417499542,0.2506215572357178,-0.16246843338012695,-0.48015570640563965,-0.34690994024276733,0.16882824897766113,-0.4789584279060364,-0.34439992904663086,-0.16282141208648682,-0.48095837235450745
0.2533958852291107,0.165890172123909,-0.4809063673019409,0.2476346641778946,-0.16681909561157227,-0.4786921441555023,-0.34706932306289673,0.16698899865150452,-0.47937294840812683,-0.3469916582107544,-0.16659778356552124,-0.4794209599494934
0.2533958852291107,0.165890172123909,-0.4809063673019409,0.2476346641778946,-0.16681909561157227,-0.4786921441555023,-0.34706932306289673,0.16698899865150452,-0.47937294840812683,-0.3469916582107544,-0.16659778356552124,-0.4794209599494934
0.2533958852291107,0.165890172123909,-0.4809063673019409,0.2476346641778946,-0.16681909561157227,-0.4786921441555023,-0.34706932306289673,0.16698899865150452,-0.47937294840812683,-0.3469916582107544,-0.16659778356552124,-0.4794209599494934
0.24668927490711212,0.167658731341362,-0.4793800115585327,0.24599480628967285,-0.16659283638000488,-0.4794691503047943,-0.34989023208618164,0.16727539896965027,-0.4791714549064636,-0.3498218059539795,-0.1660178303718567,-0.4795970618724823
0.24668927490711212,0.167658731341362,-0.4793800115585327,0.24599480628967285,-0.16659283638000488,-0.4794691503047943,-0.34989023208618164,0.16727539896965027,-0.4791714549064636,-0.3498218059539795,-0.1660178303718567,-0.4795970618724823
0.2466336041688919,0.1673780381679535,-0.4794159233570099,0.24602200090885162,-0.16688308119773865,-0.4794556200504303,-0.348779559135437,0.16726207733154297,-0.4793870151042938,-0.34978586435317993,-0.16637787222862244,-0.47954872250556946
0.24663084745407104,0.16730564832687378,-0.4794231355190277,0.24603846669197083,-0.16694942116737366,-0.4794415831565857,-0.3486718535423279,0.16712819039821625,-0.47944214940071106,-0.34977224469184875,-0.16649450361728668,-0.47952336072921753
0.24663084745407104,0.16730564832687378,-0.4794231355190277,0.24603846669197083,-0.16694942116737366,-0.4794415831565857,-0.3486718535423279,0.16712819039821625,-0.47944214940071106,-0.34977224469184875,-0.16649450361728668,-0.47952336072921753
0.24660919606685638,0.1672537624835968,-0.4794273376464844,0.24606305360794067,-0.16698870062828064,-0.4794231355190277,-0.34881848096847534,0.16675177216529846,-0.47948625683784485,-0.34974128007888794,-0.16663262248039246,-0.47946876287460327
0.24660919606685638,0.1672537624835968,-0.4794273376464844,0.24606305360794067,-0.16698870062828064,-0.4794231355190277,-0.34881848096847534,0.16675177216529846,-0.47948625683784485,-0.34974128007888794,-0.16663262248039246,-0.47946876287460327
0.24643482267856598,0.1673468053340912,-0.47944027185440063,0.24602025747299194,-0.16677257418632507,-0.4795254170894623,-0.34994614124298096,0.16458871960639954,-0.4796070158481598,-0.3498837351799011,-0.16672107577323914,-0.47940924763679504
0.24643482267856598,0.1673468053340912,-0.47944027185440063,0.24602025747299194,-0.16677257418632507,-0.4795254170894623,-0.34994614124298096,0.16458871960639954,-0.4796070158481598,-0.3498837351799011,-0.16672107577323914,-0.47940924763679504
0.24639147520065308,0.16737326979637146,-0.4794567823410034,0.2460055649280548,-0.1666693538427353,-0.4795752167701721,-0.3504263162612915,0.16359278559684753,-0.479661762714386,-0.34996217489242554,-0.16674873232841492,-0.47938480973243713
0.24639147520065308,0.16737326979637146,-0.4794567823410034,0.2460055649280548,-0.1666693538427353,-0.4795752167701721,-0.3504263162612915,0.16359278559684753,-0.479661762714386,-0.34996217489242554,-0.16674873232841492,-0.47938480973243713
0.2483486533164978,0.16613629460334778,-0.479564905166626,0.24766269326210022,-0.16482111811637878,-0.47997283935546875,-0.3487381935119629,0.16552555561065674,-0.47954294085502625,-0.3475717306137085,-0.16510716080665588,-0.4800131916999817
0.2483486533164978,0.16613629460334778,-0.479564905166626,0.24766269326210022,-0.16482111811637878,-0.47997283935546875,-0.3487381935119629,0.16552555561065674,-0.47954294085502625,-0.3475717306137085,-0.16510716080665588,-0.4800131916999817
0.2474364936351776,0.1663326621055603,-0.47958898544311523,0.2468741238117218,-0.16608381271362305,-0.47965121269226074,-0.34886547923088074,0.16622725129127502,-0.47957026958465576,-0.3486272394657135,-0.1659477949142456,-0.47973495721817017
0.2474364936351776,0.1663326621055603,-0.47958898544311523,0.2468741238117218,-0.16608381271362305,-0.47965121269226074,-0.34886547923088074,0.16622725129127502,-0.47957026958465576,-0.3486272394657135,-0.1659477949142456,-0.47973495721817017
0.24677933752536774,0.1664908081293106,-0.47956451773643494,0.2466370314359665,-0.16616356372833252,-0.4796628952026367,-0.34899431467056274,0.16556039452552795,-0.4796937108039856,-0.3489987850189209,-0.1661127805709839,-0.4796745777130127
0.24677933752536774,0.1664908081293106,-0.47956451773643494,0.2466370314359665,-0.16616356372833252,-0.4796628952026367,-0.34899431467056274,0.16556039452552795,-0.4796937108039856,-0.3489987850189209,-0.1661127805709839,-0.4796745777130127
0.2466008961200714,0.1665922999382019,-0.47955405712127686,0.24656355381011963,-0.16619455814361572,-0.47967275977134705,-0.3490084409713745,0.16519244015216827,-0.47974735498428345,-0.3491258919239044,-0.16618631780147552,-0.4796416461467743
0.2466008961200714,0.1665922999382019,-0.47955405712127686,0.24656355381011963,-0.16619455814361572,-0.47967275977134705,-0.3490084409713745,0.16519244015216827,-0.47974735498428345,-0.3491258919239044,-0.16618631780147552,-0.4796416461467743
0.24655844271183014,0.16658973693847656,-0.4795590043067932,0.24654340744018555,-0.16620028018951416,-0.4796771705150604,-0.3489827513694763,0.1650148630142212,-0.47977644205093384,-0.34915661811828613,-0.16620221734046936,-0.47963303327560425
0.24655844271183014,0.16658973693847656,-0.4795590043067932,0.24654340744018555,-0.16620028018951416,-0.4796771705150604,-0.3489827513694763,0.1650148630142212,-0.47977644205093384,-0.34915661811828613,-0.16620221734046936,-0.47963303327560425
0.2465660721063614,0.1665482521057129,-0.47957122325897217,0.2465401291847229,-0.1662037968635559,-0.4796777367591858,-0.3489488959312439,0.1649411916732788,-0.4797917902469635,-0.3491584062576294,-0.16620326042175293,-0.4796316623687744
0.2465660721063614,0.1665482521057129,-0.47957122325897217,0.2465401291847229,-0.1662037968635559,-0.4796777367591858,-0.3489488959312439,0.1649411916732788,-0.4797917902469635,-0.3491584062576294,-0.16620326042175293,-0.4796316623687744
0.24657586216926575,0.1665167212486267,-0.47957977652549744,0.2465398907661438,-0.16620546579360962,-0.4796777069568634,-0.3489285111427307,0.16490459442138672,-0.47980010509490967,-0.3491564691066742,-0.16620194911956787,-0.4796317517757416
0.24657586216926575,0.1665167212486267,-0.47957977652549744,0.2465398907661438,-0.16620546579360962,-0.4796777069568634,-0.3489285111427307,0.16490459442138672,-0.47980010509490967,-0.3491564691066742,-0.16620194911956787,-0.4796317517757416
0.24657917022705078,0.1665021777153015,-0.47958365082740784,0.24653959274291992,-0.16620570421218872,-0.47967785596847534,-0.34892022609710693,0.16488116979599,-0.47980478405952454,-0.34915608167648315,-0.16620120406150818,-0.4796317517757416
0.24657946825027466,0.1664988100528717,-0.4795844554901123,0.24653936922550201,-0.16620559990406036,-0.4796779751777649,-0.34891852736473083,0.16487255692481995,-0.4798063337802887,-0.3491562604904175,-0.16620104014873505,-0.4796316921710968
0.24657946825027466,0.1664988100528717,-0.4795844554901123,0.24653936922550201,-0.16620559990406036,-0.4796779751777649,-0.34891852736473083,0.16487255692481995,-0.4798063337802887,-0.3491562604904175,-0.16620104014873505,-0.4796316921710968
0.24657945334911346,0.16649675369262695,-0.47958502173423767,0.2465391606092453,-0.16620546579360962,-0.47967806458473206,-0.3489174246788025,0.16486571729183197,-0.4798074960708618,-0.3491564989089966,-0.16620096564292908,-0.479631632566452
0.24657945334911346,0.16649675369262695,-0.47958502173423767,0.2465391606092453,-0.16620546579360962,-0.47967806458473206,-0.3489174246788025,0.16486571729183197,-0.4798074960708618,-0.3491564989089966,-0.16620096564292908,-0.479631632566452
0.24657945334911346,0.16649675369262695,-0.47958502173423767,0.2465391606092453,-0.16620546579360962,-0.47967806458473206,-0.3489174246788025,0.16486571729183197,-0.4798074960708618,-0.3491564989089966,-0.16620096564292908,-0.479631632566452
0.24657988548278809,0.16649286448955536,-0.4795859754085541,0.24653875827789307,-0.16620516777038574,-0.4796782433986664,-0.34891530871391296,0.16485124826431274,-0.4798099100589752,-0.34915691614151,-0.16620081663131714,-0.4796315133571625
0.2465801239013672,0.1664923131465912,-0.47958609461784363,0.2465386986732483,-0.16620513796806335,-0.47967830300331116,-0.34891486167907715,0.16484962403774261,-0.4798102080821991,-0.3491569757461548,-0.16620078682899475,-0.4796315133571625
0.2465801239013672,0.1664923131465912,-0.47958609461784363,0.2465386986732483,-0.16620513796806335,-0.47967830300331116,-0.34891486167907715,0.16484962403774261,-0.4798102080821991,-0.3491569757461548,-0.16620078682899475,-0.4796315133571625
0.2465803027153015,0.16649189591407776,-0.4795862138271332,0.2465386986732483,-0.16620513796806335,-0.47967830300331116,-0.34891462326049805,0.1648484170436859,-0.4798104166984558,-0.34915691614151,-0.16620077192783356,-0.4796314537525177
0.24658063054084778,0.16649135947227478,-0.4795863926410675,0.2465386688709259,-0.16620512306690216,-0.47967830300331116,-0.3489142060279846,0.16484683752059937,-0.4798107147216797,-0.34915691614151,-0.16620072722434998,-0.4796314537525177
0.24658074975013733,0.16649122536182404,-0.4795864224433899,0.2465386688709259,-0.16620510816574097,-0.47967830300331116,-0.34891408681869507,0.16484631597995758,-0.47981083393096924,-0.34915691614151,-0.16620072722434998,-0.4796314537525177
0.24658074975013733,0.16649122536182404,-0.4795864224433899,0.2465386688709259,-0.16620510816574097,-0.47967830300331116,-0.34891408681869507,0.16484631597995758,-0.47981083393096924,-0.34915691614151,-0.16620072722434998,-0.4796314537525177
0.24658085405826569,0.16649115085601807,-0.4795864224433899,0.2465386688709259,-0.16620510816574097,-0.47967830300331116,-0.34891390800476074,0.16484591364860535,-0.4798109531402588,-0.34915691614151,-0.16620071232318878,-0.4796314537525177
0.24658085405826569,0.16649115085601807,-0.4795864224433899,0.2465386688709259,-0.16620510816574097,-0.47967830300331116,-0.34891390800476074,0.16484591364860535,-0.4798109531402588,-0.34915691614151,-0.16620071232318878,-0.4796314537525177
0.24658116698265076,0.16649116575717926,-0.47958648204803467,0.2465386688709259,-0.16620510816574097,-0.47967833280563354,-0.34891363978385925,0.16484516859054565,-0.4798111021518707,-0.3491569757461548,-0.1662006974220276,-0.4796314835548401
0.24658116698265076,0.16649116575717926,-0.47958648204803467,0.2465386688709259,-0.16620510816574097,-0.47967833280563354,-0.34891363978385925,0.16484516859054565,-0.4798111021518707,-0.3491569757461548,-0.1662006974220276,-0.4796314835548401
0.2465812712907791,0.16649121046066284,-0.47958648204803467,0.2465386688709259,-0.16620510816574097,-0.47967833280563354,-0.3489135503768921,0.16484500467777252,-0.4798111319541931,-0.3491569757461548,-0.1662006974220276,-0.4796314835548401
0.2465812712907791,0.16649121046066284,-0.47958648204803467,0.2465386688709259,-0.16620510816574097,-0.47967833280563354,-0.3489135503768921,0.16484500467777252,-0.4798111319541931,-0.3491569757461548,-0.1662006974220276,-0.4796314835548401
0.24658150970935822,0.16649141907691956,-0.47958648204803467,0.2465386688709259,-0.16620510816574097,-0.47967833280563354,-0.348913311958313,0.16484470665454865,-0.4798112213611603,-0.3491569757461548,-0.1662006974220276,-0.4796314835548401
0.24658150970935822,0.16649141907691956,-0.47958648204803467,0.2465386688709259,-0.16620510816574097,-0.47967833280563354,-0.348913311958313,0.16484470665454865,-0.4798112213611603,-0.3491569757461548,-0.1662006974220276,-0.4796314835548401
0.24658167362213135,0.16649159789085388,-0.4795864224433899,0.2465386688709259,-0.16620510816574097,-0.47967830300331116,-0.34891319274902344,0.1648445725440979,-0.47981125116348267,-0.3491569757461548,-0.1662006825208664,-0.4796314835548401
0.24658167362213135,0.16649159789085388,-0.4795864224433899,0.2465386688709259,-0.16620510816574097,-0.47967830300331116,-0.34891319274902344,0.1648445725440979,-0.47981125116348267,-0.3491569757461548,-0.1662006825208664,-0.4796314835548401
0.24658185243606567,0.1664917767047882,-0.4795863926410675,0.2465386688709259,-0.16620510816574097,-0.47967830300331116,-0.3489130139350891,0.16484448313713074,-0.47981131076812744,-0.34915691614151,-0.1662006825208664,-0.4796314835548401
0.24658185243606567,0.1664917767047882,-0.4795863926410675,0.2465386688709259,-0.16620510816574097,-0.47967830300331116,-0.3489130139350891,0.16484448313713074,-0.47981131076812744,-0.34915691614151,-0.1662006825208664,-0.4796314835548401
0.2465820163488388,0.16649197041988373,-0.4795863926410675,0.2465386688709259,-0.16620510816574097,-0.47967830300331116,-0.34891289472579956,0.16484439373016357,-0.4798113703727722,-0.34915691614151,-0.1662006825208664,-0.4796314835548401
0.2465820163488388,0.16649197041988373,-0.4795863926410675,0.2465386688709259,-0.16620510816574097,-0.47967830300331116,-0.34891289472579956,0.16484439373016357,-0.4798113703727722,-0.34915691614151,-0.1662006825208664,-0.4796314835548401
0.24658218026161194,0.16649216413497925,-0.4795863628387451,0.2465386688709259,-0.16620510816574097,-0.47967830300331116,-0.34891277551651,0.1648443341255188,-0.4798114001750946,-0.34915691614151,-0.1662006825208664,-0.4796314835548401
0.24658218026161194,0.16649216413497925,-0.4795863628387451,0.2465386688709259,-0.16620510816574097,-0.47967830300331116,-0.34891277551651,0.1648443341255188,-0.4798114001750946,-0.34915691614151,-0.1662006825208664,-0.4796314835548401
0.24658237397670746,0.16649237275123596,-0.47958633303642273,0.2465386688709259,-0.16620512306690216,-0.47967830300331116,-0.34891262650489807,0.16484424471855164,-0.4798114597797394,-0.34915691614151,-0.1662006825208664,-0.4796314835548401
0.24658241868019104,0.16649246215820312,-0.47958630323410034,0.2465386688709259,-0.16620512306690216,-0.47967830300331116,-0.3489125967025757,0.16484421491622925,-0.47981151938438416,-0.34915691614151,-0.1662006676197052,-0.4796314835548401
0.24658241868019104,0.16649246215820312,-0.47958630323410034,0.2465386688709259,-0.16620512306690216,-0.47967830300331116,-0.3489125967025757,0.16484421491622925,-0.47981151938438416,-0.34915691614151,-0.1662006676197052,-0.4796314835548401
0.2465825378894806,0.16649256646633148,-0.47958627343177795,0.2465386688709259,-0.16620512306690216,-0.47967830300331116,-0.3489125370979309,0.16484418511390686,-0.47981148958206177,-0.34915691614151,-0.1662006676197052,-0.4796314835548401
0.24658271670341492,0.166492760181427,-0.47958627343177795,0.2465386688709259,-0.16620512306690216,-0.47967830300331116,-0.34891241788864136,0.16484412550926208,-0.47981154918670654,-0.34915691614151,-0.1662006676197052,-0.4796314835548401
0.24658288061618805,0.16649296879768372,-0.47958624362945557,0.2465386688709259,-0.16620513796806335,-0.47967830300331116,-0.34891223907470703,0.1648440659046173,-0.47981154918670654,-0.34915691614151,-0.1662006676197052,-0.4796314835548401
0.24658288061618805,0.16649296879768372,-0.47958624362945557,0.2465386688709259,-0.16620513796806335,-0.47967830300331116,-0.34891223907470703,0.1648440659046173,-0.47981154918670654,-0.34915691614151,-0.1662006676197052,-0.4796314835548401
0.24658288061618805,0.16649296879768372,-0.47958624362945557,0.2465386688709259,-0.16620513796806335,-0.47967830300331116,-0.34891223907470703,0.1648440659046173,-0.47981154918670654,-0.34915691614151,-0.1662006676197052,-0.4796314835548401
0.24658307433128357,0.16649317741394043,-0.4795862138271332,0.2465386986732483,-0.16620513796806335,-0.47967830300331116,-0.34891214966773987,0.16484400629997253,-0.4798116385936737,-0.34915691614151,-0.1662006676197052,-0.4796314835548401
0.24658311903476715,0.1664932668209076,-0.4795862138271332,0.2465386986732483,-0.16620513796806335,-0.47967830300331116,-0.3489120304584503,0.16484397649765015,-0.4798116981983185,-0.34915691614151,-0.1662006676197052,-0.4796314835548401
0.24658311903476715,0.1664932668209076,-0.4795862138271332,0.2465386986732483,-0.16620513796806335,-0.47967830300331116,-0.3489120304584503,0.16484397649765015,-0.4798116981983185,-0.34915691614151,-0.1662006676197052,-0.4796314835548401
0.24658329784870148,0.1664934754371643,-0.4795861542224884,0.2465386986732483,-0.16620513796806335,-0.47967830300331116,-0.34891191124916077,0.16484390199184418,-0.4798116981983185,-0.34915691614151,-0.1662006676197052,-0.4796314835548401
0.24658329784870148,0.1664934754371643,-0.4795861542224884,0.2465386986732483,-0.16620513796806335,-0.47967830300331116,-0.34891191124916077,0.16484390199184418,-0.4798116981983185,-0.34915691614151,-0.1662006676197052,-0.4796314835548401
0.24658329784870148,0.1664934754371643,-0.4795861542224884,0.2465386986732483,-0.16620513796806335,-0.47967830300331116,-0.34891191124916077,0.16484390199184418,-0.4798116981983185,-0.34915691614151,-0.1662006676197052,-0.4796314835548401
0.24658358097076416,0.16649377346038818,-0.479586124420166,0.2465386986732483,-0.16620513796806335,-0.47967830300331116,-0.34891170263290405,0.16484381258487701,-0.47981175780296326,-0.34915691614151,-0.1662006676197052,-0.4796314835548401
0.2465837001800537,0.1664939820766449,-0.47958606481552124,0.2465386986732483,-0.16620513796806335,-0.47967830300331116,-0.3489115238189697,0.16484373807907104,-0.47981181740760803,-0.34915691614151,-0.1662006676197052,-0.4796314835548401
0.2465837001800537,0.1664939820766449,-0.47958606481552124,0.2465386986732483,-0.16620513796806335,-0.47967830300331116,-0.3489115238189697,0.16484373807907104,-0.47981181740760803,-0.34915691614151,-0.1662006676197052,-0.4796314835548401
0.2465837001800537,0.1664939820766449,-0.47958606481552124,0.2465386986732483,-0.16620513796806335,-0.47967830300331116,-0.3489115238189697,0.16484373807907104,-0.47981181740760803,-0.34915691614151,-0.1662006676197052,-0.4796314835548401
0.24658386409282684,0.16649417579174042,-0.47958606481552124,0.2465386986732483,-0.16620513796806335,-0.47967830300331116,-0.34891146421432495,0.16484367847442627,-0.4798118472099304,-0.34915691614151,-0.1662006676197052,-0.4796314835548401
0.24658386409282684,0.16649417579174042,-0.47958606481552124,0.2465386986732483,-0.16620513796806335,-0.47967830300331116,-0.34891146421432495,0.16484367847442627,-0.4798118472099304,-0.34915691614151,-0.1662006676197052,-0.4796314835548401
0.24658405780792236,0.16649438440799713,-0.47958600521087646,0.2465386986732483,-0.16620515286922455,-0.47967830300331116,-0.3489112854003906,0.1648436188697815,-0.4798119068145752,-0.34915691614151,-0.1662006676197052,-0.4796314835548401
0.24658405780792236,0.16649438440799713,-0.47958600521087646,0.2465386986732483,-0.16620515286922455,-0.47967830300331116,-0.3489112854003906,0.1648436188697815,-0.4798119068145752,-0.34915691614151,-0.1662006676197052,-0.4796314835548401
0.24658425152301788,0.16649457812309265,-0.47958600521087646,0.2465386986732483,-0.16620515286922455,-0.47967830300331116,-0.3489111661911011,0.16484355926513672,-0.4798119068145752,-0.34915691614151,-0.1662006676197052,-0.4796314835548401
0.24658441543579102,0.16649478673934937,-0.4795859456062317,0.2465386986732483,-0.16620516777038574,-0.47967830300331116,-0.3489110469818115,0.16484348475933075,-0.47981196641921997,-0.34915685653686523,-0.1662006676197052,-0.4796315133571625
0.24658441543579102,0.16649478673934937,-0.4795859456062317,0.2465386986732483,-0.16620516777038574,-0.47967830300331116,-0.3489110469818115,0.16484348475933075,-0.47981196641921997,-0.34915685653686523,-0.1662006676197052,-0.4796315133571625
0.24658441543579102,0.16649478673934937,-0.4795859456062317,0.2465386986732483,-0.16620516777038574,-0.47967830300331116,-0.3489110469818115,0.16484348475933075,-0.47981196641921997,-0.34915685653686523,-0.1662006676197052,-0.4796315133571625
0.24658457934856415,0.16649499535560608,-0.4795859158039093,0.2465386986732483,-0.16620516777038574,-0.47967830300331116,-0.3489108979701996,0.16484341025352478,-0.47981202602386475,-0.34915685653686523,-0.1662006676197052,-0.4796315133571625
0.24658457934856415,0.16649499535560608,-0.4795859158039093,0.2465386986732483,-0.16620516777038574,-0.47967830300331116,-0.3489108979701996,0.16484341025352478,-0.47981202602386475,-0.34915685653686523,-0.1662006676197052,-0.4796315133571625
0.24658475816249847,0.1664951890707016,-0.4795859158039093,0.2465386986732483,-0.16620516777038574,-0.47967830300331116,-0.34891074895858765,0.16484335064888,-0.4798120856285095,-0.34915685653686523,-0.1662006676197052,-0.4796315133571625
0.24658475816249847,0.1664951890707016,-0.4795859158039093,0.2465386986732483,-0.16620516777038574,-0.47967830300331116,-0.34891074895858765,0.16484335064888,-0.4798120856285095,-0.34915685653686523,-0.1662006676197052,-0.4796315133571625
0.2465849220752716,0.16649538278579712,-0.4795858561992645,0.2465386986732483,-0.16620516777038574,-0.47967830300331116,-0.3489106297492981,0.16484329104423523,-0.4798120856285095,-0.34915685653686523,-0.1662006676197052,-0.4796315133571625
0.24658504128456116,0.16649550199508667,-0.47958582639694214,0.2465386986732483,-0.16620516777038574,-0.47967830300331116,-0.34891051054000854,0.16484326124191284,-0.4798121154308319,-0.34915685653686523,-0.1662006676197052,-0.4796315133571625
0.24658504128456116,0.16649550199508667,-0.47958582639694214,0.2465386986732483,-0.16620516777038574,-0.47967830300331116,-0.34891051054000854,0.16484326124191284,-0.4798121154308319,-0.34915685653686523,-0.1662006676197052,-0.4796315133571625
0.24658527970314026,0.16649580001831055,-0.47958576679229736,0.2465386986732483,-0.16620516777038574,-0.47967830300331116,-0.3489103317260742,0.1648431420326233,-0.4798122048377991,-0.34915685653686523,-0.1662006676197052,-0.4796315133571625
0.24658527970314026,0.16649580001831055,-0.47958576679229736,0.2465386986732483,-0.16620516777038574,-0.47967830300331116,-0.3489103317260742,0.1648431420326233,-0.4798122048377991,-0.34915685653686523,-0.1662006676197052,-0.4796315133571625
0.24658527970314026,0.16649580001831055,-0.47958576679229736,0.2465386986732483,-0.16620516777038574,-0.47967830300331116,-0.3489103317260742,0.1648431420326233,-0.4798122048377991,-0.34915685653686523,-0.1662006676197052,-0.4796315133571625
0.2465854287147522,0.16649600863456726,-0.47958579659461975,0.24653875827789307,-0.16620516777038574,-0.4796782433986664,-0.34891024231910706,0.16484308242797852,-0.47981223464012146,-0.34915685653686523,-0.1662006676197052,-0.4796315133571625
0.2465854287147522,0.16649600863456726,-0.47958579659461975,0.24653875827789307,-0.16620516777038574,-0.4796782433986664,-0.34891024231910706,0.16484308242797852,-0.47981223464012146,-0.34915685653686523,-0.1662006676197052,-0.4796315133571625
0.24658559262752533,0.16649620234966278,-0.47958579659461975,0.24653875827789307,-0.16620518267154694,-0.4796782433986664,-0.3489100933074951,0.16484302282333374,-0.47981226444244385,-0.34915685653686523,-0.1662006676197052,-0.4796315133571625
0.24658559262752533,0.16649620234966278,-0.47958579659461975,0.24653875827789307,-0.16620518267154694,-0.4796782433986664,-0.3489100933074951,0.16484302282333374,-0.47981226444244385,-0.34915685653686523,-0.1662006676197052,-0.4796315133571625
0.24658581614494324,0.1664963960647583,-0.4795856773853302,0.24653875827789307,-0.16620518267154694,-0.4796782433986664,-0.3489099144935608,0.16484293341636658,-0.47981229424476624,-0.34915685653686523,-0.1662006676197052,-0.4796315133571625
0.24658581614494324,0.1664963960647583,-0.4795856773853302,0.24653875827789307,-0.16620518267154694,-0.4796782433986664,-0.3489099144935608,0.16484293341636658,-0.47981229424476624,-0.34915685653686523,-0.1662006676197052,-0.4796315133571625
0.24658599495887756,0.16649660468101501,-0.4795856475830078,0.24653875827789307,-0.16620519757270813,-0.4796782433986664,-0.348909854888916,0.1648428738117218,-0.479812353849411,-0.34915685653686523,-0.1662006676197052,-0.4796315133571625
0.24658599495887756,0.16649660468101501,-0.4795856475830078,0.24653875827789307,-0.16620519757270813,-0.4796782433986664,-0.348909854888916,0.1648428738117218,-0.479812353849411,-0.34915685653686523,-0.1662006676197052,-0.4796315133571625
0.2465861588716507,0.16649681329727173,-0.4795856475830078,0.24653875827789307,-0.16620519757270813,-0.4796782433986664,-0.3489096760749817,0.16484281420707703,-0.4798124432563782,-0.34915685653686523,-0.1662006676197052,-0.4796315133571625
0.2465861588716507,0.16649681329727173,-0.4795856475830078,0.24653875827789307,-0.16620519757270813,-0.4796782433986664,-0.3489096760749817,0.16484281420707703,-0.4798124432563782,-0.34915685653686523,-0.1662006676197052,-0.4796315133571625
0.24658632278442383,0.16649702191352844,-0.47958558797836304,0.24653875827789307,-0.16620519757270813,-0.4796782433986664,-0.34890955686569214,0.16484272480010986,-0.4798124432563782,-0.34915685653686523,-0.1662006676197052,-0.4796315133571625
0.24658632278442383,0.16649702191352844,-0.47958558797836304,0.24653875827789307,-0.16620519757270813,-0.4796782433986664,-0.34890955686569214,0.16484272480010986,-0.4798124432563782,-0.34915685653686523,-0.1662006676197052,-0.4796315133571625
0.24658650159835815,0.16649721562862396,-0.47958555817604065,0.24653875827789307,-0.16620519757270813,-0.4796782433986664,-0.3489094376564026,0.1648426651954651,-0.47981247305870056,-0.34915685653686523,-0.1662006676197052,-0.4796315133571625
0.24658650159835815,0.16649721562862396,-0.47958555817604065,0.24653875827789307,-0.16620519757270813,-0.4796782433986664,-0.3489094376564026,0.1648426651954651,-0.47981247305870056,-0.34915685653686523,-0.1662006676197052,-0.4796315133571625
0.24658668041229248,0.16649740934371948,-0.47958555817604065,0.24653875827789307,-0.16620519757270813,-0.4796782433986664,-0.34890931844711304,0.16484259068965912,-0.47981253266334534,-0.34915685653686523,-0.1662006676197052,-0.4796315133571625
0.24658668041229248,0.16649740934371948,-0.47958555817604065,0.24653875827789307,-0.16620519757270813,-0.4796782433986664,-0.34890931844711304,0.16484259068965912,-0.47981253266334534,-0.34915685653686523,-0.1662006676197052,-0.4796315133571625
0.24658682942390442,0.1664976179599762,-0.4795854985713959,0.24653875827789307,-0.16620519757270813,-0.4796782433986664,-0.3489091396331787,0.16484251618385315,-0.4798126220703125,-0.34915679693222046,-0.166200652718544,-0.47963154315948486
0.24658682942390442,0.1664976179599762,-0.4795854985713959,0.24653875827789307,-0.16620519757270813,-0.4796782433986664,-0.3489091396331787,0.16484251618385315,-0.4798126220703125,-0.34915679693222046,-0.166200652718544,-0.47963154315948486
0.24658702313899994,0.1664978265762329,-0.4795854687690735,0.24653875827789307,-0.16620519757270813,-0.4796782433986664,-0.34890902042388916,0.16484245657920837,-0.4798126518726349,-0.34915679693222046,-0.166200652718544,-0.47963154315948486
0.24658706784248352,0.16649791598320007,-0.4795854687690735,0.24653875827789307,-0.16620521247386932,-0.4796782433986664,-0.348908931016922,0.1648424118757248,-0.4798126816749573,-0.34915679693222046,-0.166200652718544,-0.47963154315948486
0.24658718705177307,0.16649803519248962,-0.4795854389667511,0.24653875827789307,-0.16620521247386932,-0.4796782433986664,-0.3489089012145996,0.1648423671722412,-0.4798126518726349,-0.34915679693222046,-0.166200652718544,-0.47963154315948486
0.24658718705177307,0.16649803519248962,-0.4795854389667511,0.24653875827789307,-0.16620521247386932,-0.4796782433986664,-0.3489089012145996,0.1648423671722412,-0.4798126518726349,-0.34915679693222046,-0.166200652718544,-0.47963154315948486
0.24658742547035217,0.16649822890758514,-0.4795853793621063,0.24653875827789307,-0.16620521247386932,-0.4796782433986664,-0.3489087224006653,0.16484230756759644,-0.47981271147727966,-0.34915679693222046,-0.166200652718544,-0.47963154315948486
0.24658742547035217,0.16649822890758514,-0.4795853793621063,0.24653875827789307,-0.16620521247386932,-0.4796782433986664,-0.3489087224006653,0.16484230756759644,-0.47981271147727966,-0.34915679693222046,-0.166200652718544,-0.47963154315948486
0.2465875744819641,0.16649842262268066,-0.47958534955978394,0.24653875827789307,-0.16620522737503052,-0.4796782433986664,-0.3489086627960205,0.16484223306179047,-0.47981274127960205,-0.34915679693222046,-0.166200652718544,-0.47963154315948486
0.2465875744819641,0.16649842262268066,-0.47958534955978394,0.24653875827789307,-0.16620522737503052,-0.4796782433986664,-0.3489086627960205,0.16484223306179047,-0.47981274127960205,-0.34915679693222046,-0.166200652718544,-0.47963154315948486
0.24658776819705963,0.16649863123893738,-0.47958531975746155,0.24653875827789307,-0.16620522737503052,-0.4796782433986664,-0.3489084839820862,0.1648421585559845,-0.47981277108192444,-0.34915679693222046,-0.166200652718544,-0.47963154315948486
0.24658776819705963,0.16649863123893738,-0.47958531975746155,0.24653875827789307,-0.16620522737503052,-0.4796782433986664,-0.3489084839820862,0.1648421585559845,-0.47981277108192444,-0.34915679693222046,-0.166200652718544,-0.47963154315948486
0.24658793210983276,0.1664988398551941,-0.47958531975746155,0.24653875827789307,-0.16620522737503052,-0.4796782433986664,-0.34890830516815186,0.16484208405017853,-0.4798128604888916,-0.34915679693222046,-0.166200652718544,-0.47963154315948486
0.24658793210983276,0.1664988398551941,-0.47958531975746155,0.24653875827789307,-0.16620522737503052,-0.4796782433986664,-0.34890830516815186,0.16484208405017853,-0.4798128604888916,-0.34915679693222046,-0.166200652718544,-0.47963154315948486
0.24658812582492828,0.1664990335702896,-0.4795852601528168,0.24653877317905426,-0.16620522737503052,-0.4796782433986664,-0.3489081561565399,0.16484200954437256,-0.4798129200935364,-0.34915679693222046,-0.166200652718544,-0.47963154315948486
0.24658812582492828,0.1664990335702896,-0.4795852601528168,0.24653877317905426,-0.16620522737503052,-0.4796782433986664,-0.3489081561565399,0.16484200954437256,-0.4798129200935364,-0.34915679693222046,-0.166200652718544,-0.47963154315948486
0.24658823013305664,0.16649922728538513,-0.479585200548172,0.24653877317905426,-0.16620522737503052,-0.4796782433986664,-0.34890806674957275,0.1648419350385666,-0.47981294989585876,-0.34915685653686523,-0.166200652718544,-0.47963154315948486
0.24658823013305664,0.16649922728538513,-0.479585200548172,0.24653877317905426,-0.16620522737503052,-0.4796782433986664,-0.34890806674957275,0.1648419350385666,-0.47981294989585876,-0.34915685653686523,-0.166200652718544,-0.47963154315948486
0.24658839404582977,0.16649943590164185,-0.4795852303504944,0.24653877317905426,-0.16620522737503052,-0.4796782433986664,-0.3489078879356384,0.16484186053276062,-0.47981300950050354,-0.34915685653686523,-0.166200652718544,-0.47963154315948486
0.24658839404582977,0.16649943590164185,-0.4795852303504944,0.24653877317905426,-0.16620522737503052,-0.4796782433986664,-0.3489078879356384,0.16484186053276062,-0.47981300950050354,-0.34915685653686523,-0.166200652718544,-0.47963154315948486
0.2465885430574417,0.16649964451789856,-0.4795851707458496,0.24653877317905426,-0.1662052422761917,-0.479678213596344,-0.3489077687263489,0.16484178602695465,-0.4798130393028259,-0.34915685653686523,-0.166200652718544,-0.47963154315948486
0.2465885430574417,0.16649964451789856,-0.4795851707458496,0.24653877317905426,-0.1662052422761917,-0.479678213596344,-0.3489077687263489,0.16484178602695465,-0.4798130393028259,-0.34915685653686523,-0.166200652718544,-0.47963154315948486
0.24658872187137604,0.16649985313415527,-0.479585200548172,0.24653877317905426,-0.1662052422761917,-0.479678213596344,-0.3489076495170593,0.16484171152114868,-0.4798130691051483,-0.34915685653686523,-0.166200652718544,-0.47963154315948486
0.24658872187137604,0.16649985313415527,-0.479585200548172,0.24653877317905426,-0.1662052422761917,-0.479678213596344,-0.3489076495170593,0.16484171152114868,-0.4798130691051483,-0.34915685653686523,-0.166200652718544,-0.47963154315948486
0.24658891558647156,0.1665000468492508,-0.47958508133888245,0.24653877317905426,-0.1662052571773529,-0.479678213596344,-0.3489075303077698,0.16484162211418152,-0.4798131287097931,-0.34915685653686523,-0.166200652718544,-0.47963154315948486
0.24658891558647156,0.1665000468492508,-0.47958508133888245,0.24653877317905426,-0.1662052571773529,-0.479678213596344,-0.3489075303077698,0.16484162211418152,-0.4798131287097931,-0.34915685653686523,-0.166200652718544,-0.47963154315948486
0.24658909440040588,0.1665002405643463,-0.47958511114120483,0.24653877317905426,-0.1662052571773529,-0.479678213596344,-0.34890735149383545,0.16484156250953674,-0.47981318831443787,-0.34915685653686523,-0.166200652718544,-0.47963154315948486
0.24658909440040588,0.1665002405643463,-0.47958511114120483,0.24653877317905426,-0.1662052571773529,-0.479678213596344,-0.34890735149383545,0.16484156250953674,-0.47981318831443787,-0.34915685653686523,-0.166200652718544,-0.47963154315948486
0.2465892732143402,0.16650044918060303,-0.47958505153656006,0.24653877317905426,-0.1662052571773529,-0.479678213596344,-0.3489072322845459,0.16484147310256958,-0.47981321811676025,-0.34915685653686523,-0.166200652718544,-0.47963154315948486
0.2465892732143402,0.16650044918060303,-0.47958505153656006,0.24653877317905426,-0.1662052571773529,-0.479678213596344,-0.3489072322845459,0.16484147310256958,-0.47981321811676025,-0.34915685653686523,-0.166200652718544,-0.47963154315948486
0.24658943712711334,0.16650065779685974,-0.4795849919319153,0.24653877317905426,-0.1662052571773529,-0.479678213596344,-0.34890708327293396,0.1648413985967636,-0.47981324791908264,-0.34915679693222046,-0.1662006378173828,-0.47963154315948486
0.24658943712711334,0.16650065779685974,-0.4795849919319153,0.24653877317905426,-0.1662052571773529,-0.479678213596344,-0.34890708327293396,0.1648413985967636,-0.47981324791908264,-0.34915679693222046,-0.1662006378173828,-0.47963154315948486
0.24658960103988647,0.16650085151195526,-0.47958502173423767,0.24653877317905426,-0.1662052571773529,-0.479678213596344,-0.348906934261322,0.16484132409095764,-0.4798133373260498,-0.34915679693222046,-0.1662006378173828,-0.47963154315948486
0.24658960103988647,0.16650085151195526,-0.47958502173423767,0.24653877317905426,-0.1662052571773529,-0.479678213596344,-0.348906934261322,0.16484132409095764,-0.4798133373260498,-0.34915679693222046,-0.1662006378173828,-0.47963154315948486
0.246589794754982,0.16650104522705078,-0.4795849621295929,0.24653877317905426,-0.1662052571773529,-0.479678213596344,-0.3489067852497101,0.16484123468399048,-0.4798133969306946,-0.34915679693222046,-0.1662006378173828,-0.47963154315948486
0.246589794754982,0.16650104522705078,-0.4795849621295929,0.24653877317905426,-0.1662052571773529,-0.479678213596344,-0.3489067852497101,0.16484123468399048,-0.4798133969306946,-0.34915679693222046,-0.1662006378173828,-0.47963154315948486
0.24658995866775513,0.1665012538433075,-0.4795849323272705,0.24653877317905426,-0.1662052720785141,-0.479678213596344,-0.34890663623809814,0.1648411750793457,-0.47981348633766174,-0.34915679693222046,-0.1662006378173828,-0.47963154315948486
0.24658995866775513,0.1665012538433075,-0.4795849323272705,0.24653877317905426,-0.1662052720785141,-0.479678213596344,-0.34890663623809814,0.1648411750793457,-0.47981348633766174,-0.34915679693222046,-0.1662006378173828,-0.47963154315948486
0.24659012258052826,0.1665014624595642,-0.4795849323272705,0.24653877317905426,-0.1662052720785141,-0.479678213596344,-0.3489065170288086,0.16484108567237854,-0.47981348633766174,-0.34915679693222046,-0.1662006378173828,-0.47963154315948486
0.2465902417898178,0.16650155186653137,-0.47958487272262573,0.24653877317905426,-0.1662052869796753,-0.479678213596344,-0.34890639781951904,0.16484105587005615,-0.47981348633766174,-0.34915679693222046,-0.1662006378173828,-0.47963154315948486
0.2465902417898178,0.16650155186653137,-0.47958487272262573,0.24653877317905426,-0.1662052869796753,-0.479678213596344,-0.34890639781951904,0.16484105587005615,-0.47981348633766174,-0.34915679693222046,-0.1662006378173828,-0.47963154315948486
0.2465902417898178,0.16650155186653137,-0.47958487272262573,0.24653877317905426,-0.1662052869796753,-0.479678213596344,-0.34890639781951904,0.16484105587005615,-0.47981348633766174,-0.34915679693222046,-0.1662006378173828,-0.47963154315948486
0.2465904951095581,0.16650186479091644,-0.47958484292030334,0.24653877317905426,-0.1662052869796753,-0.479678213596344,-0.3489062190055847,0.1648409366607666,-0.4798135459423065,-0.34915679693222046,-0.1662006378173828,-0.47963154315948486
0.2465904951095581,0.16650186479091644,-0.47958484292030334,0.24653877317905426,-0.1662052869796753,-0.479678213596344,-0.3489062190055847,0.1648409366607666,-0.4798135459423065,-0.34915679693222046,-0.1662006378173828,-0.47963154315948486
0.24659067392349243,0.16650205850601196,-0.47958478331565857,0.24653877317905426,-0.1662052869796753,-0.479678213596344,-0.3489060401916504,0.16484084725379944,-0.4798136055469513,-0.34915679693222046,-0.1662006378173828,-0.47963154315948486
0.24659067392349243,0.16650205850601196,-0.47958478331565857,0.24653877317905426,-0.1662052869796753,-0.479678213596344,-0.3489060401916504,0.16484084725379944,-0.4798136055469513,-0.34915679693222046,-0.1662006378173828,-0.47963154315948486
0.24659085273742676,0.16650226712226868,-0.47958481311798096,0.2465388923883438,-0.1662052869796753,-0.4796781837940216,-0.3489059805870056,0.16484075784683228,-0.47981369495391846,-0.34915679693222046,-0.1662006378173828,-0.47963154315948486
0.24659095704555511,0.16650235652923584,-0.47958478331565857,0.2465388923883438,-0.1662052869796753,-0.4796781837940216,-0.34890586137771606,0.1648407280445099,-0.47981369495391846,-0.34915679693222046,-0.1662006378173828,-0.47963154315948486
0.24659095704555511,0.16650235652923584,-0.47958478331565857,0.2465388923883438,-0.1662052869796753,-0.4796781837940216,-0.34890586137771606,0.1648407280445099,-0.47981369495391846,-0.34915679693222046,-0.1662006378173828,-0.47963154315948486
0.2465910166501999,0.1665024757385254,-0.4795847535133362,0.2465388923883438,-0.1662052869796753,-0.4796781837940216,-0.3489058017730713,0.1648406833410263,-0.47981369495391846,-0.34915679693222046,-0.1662006378173828,-0.47963154315948486
0.2465910166501999,0.1665024757385254,-0.4795847535133362,0.2465388923883438,-0.1662052869796753,-0.4796781837940216,-0.3489058017730713,0.1648406833410263,-0.47981369495391846,-0.34915679693222046,-0.1662006378173828,-0.47963154315948486
0.24659113585948944,0.16650256514549255,-0.4795847535133362,0.2465388923883438,-0.1662052869796753,-0.4796781837940216,-0.3489057421684265,0.16484063863754272,-0.47981375455856323,-0.34915679693222046,-0.1662006378173828,-0.47963154315948486
0.24659137427806854,0.16650286316871643,-0.479584664106369,0.2465388923883438,-0.1662053018808365,-0.4796781837940216,-0.3489055037498474,0.16484051942825317,-0.4798137843608856,-0.34915679693222046,-0.1662006378173828,-0.47963154315948486
0.24659137427806854,0.16650286316871643,-0.479584664106369,0.2465388923883438,-0.1662053018808365,-0.4796781837940216,-0.3489055037498474,0.16484051942825317,-0.4798137843608856,-0.34915679693222046,-0.1662006378173828,-0.47963154315948486
0.24659153819084167,0.16650307178497314,-0.479584664106369,0.2465388923883438,-0.1662053018808365,-0.4796781837940216,-0.34890541434288025,0.164840430021286,-0.4798138737678528,-0.34915679693222046,-0.1662006378173828,-0.47963154315948486
0.24659164249897003,0.1665031760931015,-0.479584664106369,0.2465388923883438,-0.16620531678199768,-0.4796781837940216,-0.3489052951335907,0.16484040021896362,-0.47981390357017517,-0.34915679693222046,-0.1662006378173828,-0.47963154315948486
0.24659164249897003,0.1665031760931015,-0.479584664106369,0.2465388923883438,-0.16620531678199768,-0.4796781837940216,-0.3489052951335907,0.16484040021896362,-0.47981390357017517,-0.34915679693222046,-0.1662006378173828,-0.47963154315948486
0.2465917319059372,0.16650328040122986,-0.47958460450172424,0.2465388923883438,-0.16620531678199768,-0.4796781837940216,-0.3489052355289459,0.16484035551548004,-0.47981390357017517,-0.34915679693222046,-0.1662006378173828,-0.47963154315948486
0.2465917319059372,0.16650328040122986,-0.47958460450172424,0.2465388923883438,-0.16620531678199768,-0.4796781837940216,-0.3489052355289459,0.16484035551548004,-0.47981390357017517,-0.34915679693222046,-0.1662006378173828,-0.47963154315948486
0.24659201502799988,0.16650357842445374,-0.47958457469940186,0.2465388923883438,-0.16620531678199768,-0.4796781837940216,-0.3489050269126892,0.1648402214050293,-0.47981399297714233,-0.34915679693222046,-0.1662006378173828,-0.47963154315948486
0.24659201502799988,0.16650357842445374,-0.47958457469940186,0.2465388923883438,-0.16620531678199768,-0.4796781837940216,-0.3489050269126892,0.1648402214050293,-0.47981399297714233,-0.34915679693222046,-0.1662006378173828,-0.47963154315948486
0.246592178940773,0.16650378704071045,-0.4795845150947571,0.2465388923883438,-0.16620531678199768,-0.4796781837940216,-0.3489048480987549,0.16484013199806213,-0.47981396317481995,-0.34915679693222046,-0.1662006378173828,-0.47963154315948486
